Lisa & James — Traditional Wedding Guest List,,,,,,,
,,,,,,,
Event,Traditional Wedding,,Date,TBC,,Location,TBC
,,,,,,,
"Tip: use the filter arrows in the header row to view James/Lisa, family/friends, invite status, and RSVP status.",,,,,,,
Total Guests,78,Lisa,44,James,34,Accepted,0
,,,,,,,
Full Name,Group Type,Side,Relation,Guest Type,Invite Status,RSVP Status,Notes
Rumbi Moyo,Family,Lisa,Mother,Adult,Not Sent,Pending,
Onismo Moyo,Family,Lisa,Father,Adult,Not Sent,Pending,
Tanya Moyo,Family,Lisa,Sister,Adult,Not Sent,Pending,
Drae,Family,Lisa,Sister Boyfriend,Adult,Not Sent,Pending,
Sekuru Pati,Family,Lisa,Uncle,Adult,Not Sent,Pending,
Gogo M,Family,Lisa,Grand Mother,Adult,Not Sent,Pending,
Sekuru Itayi,Family,Lisa,,Adult,Not Sent,Pending,
Gogo M,Family,Lisa,,Adult,Not Sent,Pending,
Gogo Mwenga,Family,Lisa,,Adult,Not Sent,Pending,
Sekuru Mwenga,Family,Lisa,,Adult,Not Sent,Pending,
Mai Michelle,Family,Lisa,Auntie,Adult,Not Sent,Pending,
Ba Michelle,Family,Lisa,Uncle,Adult,Not Sent,Pending,
Uncle Felix,Family,Lisa,,Adult,Not Sent,Pending,
Uncle Felix Wife,Family,Lisa,,Adult,Not Sent,Pending,
Ba Simba,Family,Lisa,,Adult,Not Sent,Pending,
Mai Mazvita,Family,Lisa,,Adult,Not Sent,Pending,
Mazita,Family,Lisa,,Adult,Not Sent,Pending,
Simba,Family,Lisa,,Adult,Not Sent,Pending,
Shekina,Family,Lisa,,Adult,Not Sent,Pending,
Uncle Abi,Family,Lisa,,Adult,Not Sent,Pending,
Anesu,Family,Lisa,,Teen,Not Sent,Pending,
Ryan,Family,Lisa,,Teen,Not Sent,Pending,
Mum Ivy,Family,Lisa,,Adult,Not Sent,Pending,
Junior,Family,Lisa,,Teen,Not Sent,Pending,
Gogo Nancy,Family,Lisa,,Adult,Not Sent,Pending,
Gogo Nancy Husband,Family,Lisa,,Adult,Not Sent,Pending,
Munashe,Family,Lisa,, ,Not Sent,Pending,
Barbra Mum,Family,Lisa,,,Not Sent,Pending,
Barbra Dad,Family,Lisa,,,Not Sent,Pending,
Uncle Rob,Family Friend,Lisa,,Adult,Not Sent,Pending,
Mum Rumbi,Family Friend,Lisa,,Adult,Not Sent,Pending,
Louise,Family Friend,Lisa,,Adult,Not Sent,Pending,
Matthew,Family Friend,Lisa,,Adult,Not Sent,Pending,
Molly,Family Friend,Lisa,,Adult,Not Sent,Pending,
Adele,Family,Lisa,,Adult,Not Sent,Pending,
Kirsty,Family,Lisa,,Adult,Not Sent,Pending,
Mama Janet,Family Friend,Lisa,,Adult,Not Sent,Pending,
Auntie Kudzie Husband,Family Friend,Lisa,,Adult,Not Sent,Pending,
Auntie Kudzie,Family Friend,Lisa,,Adult,Not Sent,Pending,
Joshy,Family Friend,Lisa,,Child,Not Sent,Pending,
Jerry,Family Friend,Lisa,,Child,Not Sent,Pending,
Selina,Friend,Lisa,,,Not Sent,Pending,
Matthew,Friend,Lisa,,,Not Sent,Pending,
Christian,Friend,Lisa,,,Not Sent,Pending,
Mum,Family,James,Mum,Adult,Not Sent,Pending,
Uncle Precious,Family,James,Uncle,Adult,Not Sent,Pending,
Mama Becky,Family,James,Aunt,Adult,Not Sent,Pending,
Kevin,Family,James,Cousin,Teen,Not Sent,Pending,
Becky,Family,James,Cousin,Teen,Not Sent,Pending,
Cynthia,Family,James,Auntie,Adult,Not Sent,Pending,
Elijah,Family,James,Cousin,Teen,Not Sent,Pending,
Lee,Family,James,Cousin,Adult,Not Sent,Pending,
Uncle Fred,Family,James,Uncle,Adult,Not Sent,Pending,
Auntie Stella,Family,James,Aunt,Adult,Not Sent,Pending,
Micheala,Family,James,Cousin,Teen,Not Sent,Pending,
Tiffany,Family,James,Cousin,Teen,Not Sent,Pending,
Ashley,Family,James,Cousin,Child,Not Sent,Pending,
Uncle Barnet,Family,James,Uncle,Adult,Not Sent,Pending,
Aunt Ethel,Family,James,Aunt,Adult,Not Sent,Pending,
Uncle Ndema,Family,James,Uncle,Adult,Not Sent,Pending,
Aunt Ndema,Family,James,Aunt,Adult,Not Sent,Pending,
Aunt Constant,Family,James,Aunt,Adult,Not Sent,Pending,
Karen,Family,James,Cousin,Adult,Not Sent,Pending,
Vanessa,Family,James,Cousin,Adult,Not Sent,Pending,
Uncle Chimwemwe,Family,James,Uncle,Adult,Not Sent,Pending,
Uncle Chimwemwe Wife,Family,James,Aunt,Adult,Not Sent,Pending,
Uncle Yaminako,Family,James,Uncle,Adult,Not Sent,Pending,
Aunt Pamela,Family Friend,James,Family Friend,Adult,Not Sent,Pending,
Aunt Pamela Husband,Family Friend,James,Family Friend,Adult,Not Sent,Pending,
Aunt Mandie,Family Friend,James,Family Friend,Adult,Not Sent,Pending,
Sohna,Friend,James,Friend,Adult,Not Sent,Pending,Introduced Us
Sohna Husband,Friend,James,Friend,Adult,Not Sent,Pending,
Keenan,Friend,James,Groomsman,Adult,Not Sent,Pending,
Chloe,Friend,James,Friend,Adult,Not Sent,Pending,
Afeez,Friend,James,Groomsman,Adult,Not Sent,Pending,
Jaka,Friend,James,Groomsman,Adult,Not Sent,Pending,
Tray,Friend,James,Groomsman,Adult,Not Sent,Pending,
Ola,Friend,James,Friend,Adult,Not Sent,Pending,